Row Names,instance_auroc,full_pixel_auroc,anomaly_pixel_auroc,best_threshold_img
mvtec_fold_079,0.8673684210526316,0.9633869737152726,0.9431607679781857,0.29390862584114075
mvtec_fold_179,0.6863485630066323,0.8942181093164997,0.9079978068662414,0.2971852719783783
mvtec_fold_279,0.880952380952381,0.9315747679095344,0.8485589206845419,0.3060746192932129
mvtec_fold_379,0.9575747311372682,0.9605498284590105,0.9206462475909301,0.4946177005767822
mvtec_fold_479,0.78465821812596,0.876464230220509,0.8407625738790565,0.33519914746284485
Mean,0.8353804628549746,0.9252387819241653,0.892225263399791,0.3453970730304718
