Row Names,instance_auroc,full_pixel_auroc,anomaly_pixel_auroc,best_threshold_img
mvtec_fold_079,0.8703684210526316,0.9637741551942861,0.9429761526993735,0.27694329619407654
mvtec_fold_179,0.695099484156227,0.901742665577262,0.9146846731195482,0.3291796147823334
mvtec_fold_279,0.8749331193151417,0.9329205780244229,0.8499369215669752,0.2998599708080292
mvtec_fold_379,0.9532559911931577,0.9593934865209417,0.9197222335026267,0.4935323894023895
mvtec_fold_479,0.7769777265745008,0.9012326895298997,0.8654339034750639,0.30994704365730286
Mean,0.8341269484583318,0.9318127149693624,0.8985507768727174,0.3418924629688263
