Row Names,instance_auroc,full_pixel_auroc,anomaly_pixel_auroc,best_threshold_img
mvtec_fold_079,0.8695263157894737,0.9634665513055912,0.9434570463441305,0.29239943623542786
mvtec_fold_179,0.6825718496683861,0.8955206993634222,0.9093136951023059,0.27400270104408264
mvtec_fold_279,0.874665596575709,0.9310301287379334,0.8479811205752383,0.2913370728492737
mvtec_fold_379,0.9508849182826657,0.9607801496525101,0.9204548887512208,0.4686299264431
mvtec_fold_479,0.7800499231950845,0.8920395366532097,0.8549635178727054,0.3223125636577606
Mean,0.8315397207022638,0.9285674131425333,0.8952340537291203,0.32973634004592894
