method,auprc,auroc,precision,recall,f1,accuracy,tp,tn,fp,fn
Baseline Ensemble,0.9930543956116233,0.9978282828282828,0.967741935483871,1.0,0.9836065573770492,0.9903225806451613,90,217,3,0
Multiscale Temporal,0.9941577574413137,0.998030303030303,0.978021978021978,0.9888888888888889,0.9834254143646409,0.9903225806451613,89,218,2,1
Conf-Weighted + Iso Removal,,,0.989010989010989,1.0,0.994475138121547,0.9967741935483871,90,219,1,0
