{
  "loss": 0.025518996131029866,
  "accuracy": 0.9930769230769231,
  "balanced_accuracy": 0.9882051282051283,
  "auroc": 0.9996023668639054,
  "auprc": 0.9989129416357426,
  "precision": 0.99375,
  "recall": 0.9784615384615385,
  "f1": 0.986046511627907,
  "tn": 973,
  "fp": 2,
  "fn": 7,
  "tp": 318
}