{
  "accuracy": 0.8061538461538461,
  "balanced_accuracy": 0.681025641025641,
  "auroc": 0.858553057199211,
  "auprc": 0.6480543021409669,
  "precision": 0.6763285024154589,
  "recall": 0.4307692307692308,
  "f1": 0.5263157894736842,
  "tn": 908,
  "fp": 67,
  "fn": 185,
  "tp": 140
}