{
  "loss": 0.007382367167987728,
  "accuracy": 0.9969230769230769,
  "balanced_accuracy": 0.9979487179487179,
  "auroc": 1.0,
  "auprc": 1.0,
  "precision": 0.9878419452887538,
  "recall": 1.0,
  "f1": 0.9938837920489296,
  "tn": 971,
  "fp": 4,
  "fn": 0,
  "tp": 325
}