{
  "loss": 0.019181933769557093,
  "accuracy": 0.9930769230769231,
  "balanced_accuracy": 0.9953846153846153,
  "auroc": 1.0,
  "auprc": 1.0,
  "precision": 0.9730538922155688,
  "recall": 1.0,
  "f1": 0.9863429438543247,
  "tn": 966,
  "fp": 9,
  "fn": 0,
  "tp": 325
}