TP,TN,FP,FN
91.66666666666667,112.33333333333333,5.666666666666667,0.3333333333333333
