TP,TN,FP,FN
98.0,186.33333333333334,3.6666666666666665,2.0
