,acc,prec,rec,f1,auprc,tn,fp,fn,tp,ΔFP,ΔFN
baseline,0.9136363636363637,0.8285714285714286,0.6904761904761905,0.7532467532467533,0.8374958385949728,172,6,13,29,0,0
median,0.9181818181818182,0.8333333333333334,0.7142857142857143,0.7692307692307693,0.8930133760886612,172,6,12,30,0,-1
ema,0.9,0.8333333333333334,0.5952380952380952,0.6944444444444444,0.8979477060991554,173,5,17,25,-1,4
runlength,0.9045454545454545,0.8181818181818182,0.6428571428571429,0.72,0.8374958385949728,172,6,15,27,0,2
ema+runlength,0.9,0.8333333333333334,0.5952380952380952,0.6944444444444444,0.8979477060991554,173,5,17,25,-1,4
