filename,y_true,y_pred,p_defective,p_class_0,p_class_1
1_calibration_1.2_099_1631441724.000000013_patches_patch_2331_2199_83.555_0_right.png,1,0,0.9945516983668008,0.9945516983668008,0.0054482931445818
13_station_ohlsdorf_13.1_069_1631176103.000000018_patches_patch_1945_2199_112.334_0_left.png,1,0,0.5438731374839941,0.5438731374839941,0.4561268979062636
7_approach_underground_station_7.2_675_1631705207.600000008_patches_patch_2367_2199_84.219_0_right.png,1,0,0.510653704269013,0.510653704269013,0.489346295595169
