filename,y_true,y_pred,p_defective,p_class_0,p_class_1
1_calibration_1.2_050_1631441719.100000031_patches_patch_2337_2199_82.562_0_right.png,0,0,0.9997762044270834,0.9997762044270834,0.0002238273955299
1_calibration_1.2_037_1631441717.800000002_patches_patch_2341_2199_81.900_0_right.png,0,0,0.9997760852177938,0.9997760852177938,0.0002239452902964
1_calibration_1.2_034_1631441717.500000015_patches_patch_2336_2199_82.521_0_right.png,0,0,0.9997549653053284,0.9997549653053284,0.0002450203137414
1_calibration_1.2_075_1631441721.600000004_patches_patch_2334_2199_83.201_0_right.png,0,0,0.9997509717941284,0.9997509717941284,0.0002490562243716
1_calibration_1.2_008_1631441714.900000005_patches_patch_2328_2199_83.549_0_right.png,0,0,0.999730428059896,0.999730428059896,0.0002695724494211
