filename,y_true,y_pred,p_defective,p_class_0,p_class_1
6_station_klein_flottbek_6.2_061_1631704655.200000011_patches_patch_2497_2199_83.974_0_right.png,1,1,0.0001266744778452,0.0001266744778452,0.9998733003934224
14_signals_station_14.3_021_1631450782.200000019_patches_patch_1566_2199_107.710_0_left.png,1,1,0.0001467849579057,0.0001467849579057,0.999853233496348
6_station_klein_flottbek_6.2_146_1631704663.700000024_patches_patch_2365_2199_82.213_0_right.png,1,1,0.0001492190543406,0.0001492190543406,0.9998507698376974
6_station_klein_flottbek_6.2_131_1631704662.200000007_patches_patch_2360_2199_83.606_0_right.png,1,1,0.0001513222038435,0.0001513222038435,0.9998486638069152
6_station_klein_flottbek_6.2_117_1631704660.800000023_patches_patch_2359_2199_83.660_0_right.png,1,1,0.0001574360624848,0.0001574360624848,0.9998425443967184
