TP,TN,FP,FN
35.666666666666664,235.0,13.0,6.333333333333333
